{
  "project_info": {
    "project_number": "746044107490",
    "firebase_url": "https://healthapp2-b4487.firebaseio.com",
    "project_id": "healthapp2-b4487",
    "storage_bucket": "healthapp2-b4487.appspot.com"
  },
  "client": [
    {
      "client_info": {
        "mobilesdk_app_id": "1:746044107490:android:3b0338d45ea54897",
        "android_client_info": {
          "package_name": "com.example.dh5"
        }
      },
      "oauth_client": [
        {
          "client_id": "746044107490-2ddr0chtts83hfpjl77knhabmqeb51t8.apps.googleusercontent.com",
          "client_type": 1,
          "android_info": {
            "package_name": "com.example.dh5",
            "certificate_hash": "b991cf3c32af88b1c25e616f162d3b8851577c48"
          }
        },
        {
          "client_id": "746044107490-pu4l3o62uhe49ug7e37n3s7eol4a7a08.apps.googleusercontent.com",
          "client_type": 3
        }
      ],
      "api_key": [
        {
          "current_key": "AIzaSyCXKd41geMqcH922QA8wQNhhxuom0WXT9c"
        }
      ],
      "services": {
        "analytics_service": {
          "status": 1
        },
        "appinvite_service": {
          "status": 2,
          "other_platform_oauth_client": [
            {
              "client_id": "746044107490-pu4l3o62uhe49ug7e37n3s7eol4a7a08.apps.googleusercontent.com",
              "client_type": 3
            }
          ]
        },
        "ads_service": {
          "status": 2
        }
      }
    },
    {
      "client_info": {
        "mobilesdk_app_id": "1:746044107490:android:2cbd176a7b929c0c",
        "android_client_info": {
          "package_name": "com.example.dh5take2"
        }
      },
      "oauth_client": [
        {
          "client_id": "746044107490-8vlia2bbonstkq091ij7bffclvai00hf.apps.googleusercontent.com",
          "client_type": 1,
          "android_info": {
            "package_name": "com.example.dh5take2",
            "certificate_hash": "b991cf3c32af88b1c25e616f162d3b8851577c48"
          }
        },
        {
          "client_id": "746044107490-pu4l3o62uhe49ug7e37n3s7eol4a7a08.apps.googleusercontent.com",
          "client_type": 3
        }
      ],
      "api_key": [
        {
          "current_key": "AIzaSyCXKd41geMqcH922QA8wQNhhxuom0WXT9c"
        }
      ],
      "services": {
        "analytics_service": {
          "status": 1
        },
        "appinvite_service": {
          "status": 2,
          "other_platform_oauth_client": [
            {
              "client_id": "746044107490-pu4l3o62uhe49ug7e37n3s7eol4a7a08.apps.googleusercontent.com",
              "client_type": 3
            }
          ]
        },
        "ads_service": {
          "status": 2
        }
      }
    },
    {
      "client_info": {
        "mobilesdk_app_id": "1:746044107490:android:5a58033def68803a",
        "android_client_info": {
          "package_name": "com.htn.healthapp2"
        }
      },
      "oauth_client": [
        {
          "client_id": "746044107490-iojj4bh1vg6669baorcau4dn1ck6glg4.apps.googleusercontent.com",
          "client_type": 1,
          "android_info": {
            "package_name": "com.htn.healthapp2",
            "certificate_hash": "9f9d3ddcd77a0de70242887ee5cc6c60f8d85ae4"
          }
        },
        {
          "client_id": "746044107490-pu4l3o62uhe49ug7e37n3s7eol4a7a08.apps.googleusercontent.com",
          "client_type": 3
        }
      ],
      "api_key": [
        {
          "current_key": "AIzaSyCXKd41geMqcH922QA8wQNhhxuom0WXT9c"
        }
      ],
      "services": {
        "analytics_service": {
          "status": 1
        },
        "appinvite_service": {
          "status": 2,
          "other_platform_oauth_client": [
            {
              "client_id": "746044107490-pu4l3o62uhe49ug7e37n3s7eol4a7a08.apps.googleusercontent.com",
              "client_type": 3
            }
          ]
        },
        "ads_service": {
          "status": 2
        }
      }
    }
  ],
  "configuration_version": "1"
}